Chain,Address
Acala,13YMK2eYoAvStnzReuxBjMrAvPXmmdsURwZvc62PrdXimbNy
Moonbeam,13YMK2eZbf9AyGhewRs6W6QTJvBSM5bxpnTD8WgeDofbg8Q1
Litentry,13YMK2ebQFdoeM3vL6AeEkA6Bc9BeL14iBSboyAhYSyKiL9R
Efinity,13YMK2ed1E5FoJUNu7zTnDGexfSWoDU3VsDArpVCGoF5XXM9
Centrifuge,13YMK2ef1Sd4zVkT7Qmji3fMvz4gEpoGUyRPAt8pBjamne88
Crust,13YMK2eaQ9Mu3kQtDwn1GpxjhSq6vXLTDdLVewLtayoUaW61
Clover,13YMK2eZCR2ow2r3JAue7j8K7erc4MjidN1ZsJMX3DbfDipA
Unique,13YMK2egDAxA7DKJ3Be6s9VnWn3B6zQ15EkJxX8BjVnb9aTK
Darwinia,13YMK2ei1mSnnHfZRqweboFRPTzvQEo6xdjhdycF496KBnPg
Equilibrium,13YMK2eb11XSc7CJgqDBrNswzLpMMc8pWkzxYkqaMruPG8xk
HydraDX,13YMK2efcJncYrXsaJCvHbaaDt3vfubdn75r4hdVxcggU4n2
Phala,13YMK2efovqo4yTgPvgeUnDeKWiLpGXkspJfhJo4YuiehJwG
Statemint,13YMK2edbuhwMBxeUWm9c643A2wyYHwSVh1bCM7tShtg7Dtk
Astar,13YMK2eZzuFY1WZGagpYtTgbWBWGdoUD2CtrPj1mQPjY8Ldc
Bifrost,13YMK2eeopZtUNpeHnJ1Ws2HqMQG6Ts9PGCZYGyFbSYoZfcm
Parallel,13YMK2ebCdad8E87WTgv3ZX25yUmVy4wcUDnBN18x9wMVD3H
Interlay,13YMK2efD4gFWcgFw3FTuEJS2cj6PBjPageCoVJNn2ck1uz4